EnviroPad,Time,Temperature(°C)
1,24/10/2023 11:30:41,56.7
2,24/10/2023 11:30:42,56.7
3,24/10/2023 11:30:43,53.0
4,24/10/2023 11:30:44,48.6
5,24/10/2023 11:30:45,29.8
6,24/10/2023 11:30:46,26.5
7,24/10/2023 11:30:47,29.1
8,24/10/2023 11:30:48,29.1
9,24/10/2023 11:30:49,45.9
10,24/10/2023 11:30:50,50.1
11,24/10/2023 11:30:51,56.2
12,24/10/2023 11:30:52,56.7
13,24/10/2023 11:30:53,56.7
14,24/10/2023 11:30:54,56.7
15,24/10/2023 11:30:55,56.7
16,24/10/2023 11:30:56,56.6
17,24/10/2023 11:30:57,56.6
18,24/10/2023 11:30:58,56.6
19,24/10/2023 11:30:59,56.6
20,24/10/2023 11:31:00,56.8
21,24/10/2023 11:31:01,56.8
22,24/10/2023 11:31:02,57.4
23,24/10/2023 11:31:03,57.7
24,24/10/2023 11:31:04,58.5
25,24/10/2023 11:31:05,58.5
26,24/10/2023 11:31:06,61.6
27,24/10/2023 11:31:07,62.5
28,24/10/2023 11:31:08,64.7
29,24/10/2023 11:31:09,66.6
30,24/10/2023 11:31:10,68.1
31,24/10/2023 11:31:11,71.4
32,24/10/2023 11:31:12,72.5
33,24/10/2023 11:31:13,74.4
34,24/10/2023 11:31:14,74.4
35,24/10/2023 11:31:15,81.5
36,24/10/2023 11:31:16,82.9
37,24/10/2023 11:31:17,86.3
38,24/10/2023 11:31:18,89.2
39,24/10/2023 11:31:19,91.4
40,24/10/2023 11:31:20,96.0
41,24/10/2023 11:31:21,97.5
42,24/10/2023 11:31:22,103.0
43,24/10/2023 11:31:23,103.0
44,24/10/2023 11:31:24,108.6
45,24/10/2023 11:31:25,110.2
46,24/10/2023 11:31:26,114.3
47,24/10/2023 11:31:27,117.7
48,24/10/2023 11:31:28,120.1
49,24/10/2023 11:31:29,125.1
50,24/10/2023 11:31:30,126.8
51,24/10/2023 11:31:31,132.6
52,24/10/2023 11:31:32,132.6
53,24/10/2023 11:31:33,138.4
54,24/10/2023 11:31:34,139.9
55,24/10/2023 11:31:35,141.5
56,24/10/2023 11:31:36,141.5
57,24/10/2023 11:31:37,146.6
58,24/10/2023 11:31:38,149.2
59,24/10/2023 11:31:39,154.0
60,24/10/2023 11:31:40,155.1
61,24/10/2023 11:31:41,158.0
62,24/10/2023 11:31:42,159.8
63,24/10/2023 11:31:43,161.0
64,24/10/2023 11:31:44,163.2
65,24/10/2023 11:31:45,163.9
66,24/10/2023 11:31:46,166.1
67,24/10/2023 11:31:47,166.1
68,24/10/2023 11:31:48,168.1
69,24/10/2023 11:31:49,168.6
70,24/10/2023 11:31:50,169.5
71,24/10/2023 11:31:51,170.2
72,24/10/2023 11:31:52,170.8
73,24/10/2023 11:31:53,172.1
74,24/10/2023 11:31:54,172.6
75,24/10/2023 11:31:55,174.6
76,24/10/2023 11:31:56,174.6
77,24/10/2023 11:31:57,176.8
78,24/10/2023 11:31:58,177.4
79,24/10/2023 11:31:59,179.0
80,24/10/2023 11:32:00,180.2
81,24/10/2023 11:32:01,181.1
82,24/10/2023 11:32:02,182.9
83,24/10/2023 11:32:03,183.4
84,24/10/2023 11:32:04,185.3
85,24/10/2023 11:32:05,185.3
86,24/10/2023 11:32:06,186.9
87,24/10/2023 11:32:07,187.2
88,24/10/2023 11:32:08,187.9
89,24/10/2023 11:32:09,188.5
90,24/10/2023 11:32:10,189.0
91,24/10/2023 11:32:11,190.2
92,24/10/2023 11:32:12,190.5
93,24/10/2023 11:32:13,191.6
94,24/10/2023 11:32:14,191.6
95,24/10/2023 11:32:15,192.4
96,24/10/2023 11:32:16,192.6
97,24/10/2023 11:32:17,193.3
98,24/10/2023 11:32:18,193.9
99,24/10/2023 11:32:19,194.5
100,24/10/2023 11:32:20,195.8
101,24/10/2023 11:32:21,196.3
102,24/10/2023 11:32:22,197.9
103,24/10/2023 11:32:23,197.9
104,24/10/2023 11:32:24,199.4
105,24/10/2023 11:32:25,199.9
106,24/10/2023 11:32:26,200.8
107,24/10/2023 11:32:27,201.5
108,24/10/2023 11:32:28,202.0
109,24/10/2023 11:32:29,202.6
110,24/10/2023 11:32:30,203.2
111,24/10/2023 11:32:31,203.6
112,24/10/2023 11:32:32,204.0
113,24/10/2023 11:32:33,204.4
114,24/10/2023 11:32:34,204.7
115,24/10/2023 11:32:35,205.1
116,24/10/2023 11:32:36,205.2
117,24/10/2023 11:32:37,205.6
118,24/10/2023 11:32:38,205.9
119,24/10/2023 11:32:39,206.4
120,24/10/2023 11:32:40,206.9
121,24/10/2023 11:32:41,207.4
122,24/10/2023 11:32:42,208.4
123,24/10/2023 11:32:43,209.0
124,24/10/2023 11:32:44,209.8
125,24/10/2023 11:32:45,210.0
126,24/10/2023 11:32:46,210.5
127,24/10/2023 11:32:47,210.7
128,24/10/2023 11:32:48,211.3
129,24/10/2023 11:32:49,211.8
130,24/10/2023 11:32:50,212.3
131,24/10/2023 11:32:51,213.1
132,24/10/2023 11:32:52,213.4
133,24/10/2023 11:32:53,213.7
134,24/10/2023 11:32:54,213.9
135,24/10/2023 11:32:55,214.4
136,24/10/2023 11:32:56,214.6
137,24/10/2023 11:32:57,215.0
138,24/10/2023 11:32:58,215.2
139,24/10/2023 11:32:59,215.3
140,24/10/2023 11:33:00,215.5
141,24/10/2023 11:33:01,215.7
142,24/10/2023 11:33:02,216.1
143,24/10/2023 11:33:03,216.3
144,24/10/2023 11:33:04,216.9
145,24/10/2023 11:33:05,217.2
146,24/10/2023 11:33:06,218.1
147,24/10/2023 11:33:07,218.7
148,24/10/2023 11:33:08,219.3
149,24/10/2023 11:33:09,220.1
150,24/10/2023 11:33:10,220.5
151,24/10/2023 11:33:11,221.0
152,24/10/2023 11:33:12,221.2
153,24/10/2023 11:33:13,221.7
154,24/10/2023 11:33:14,221.8
155,24/10/2023 11:33:15,222.3
156,24/10/2023 11:33:16,222.5
157,24/10/2023 11:33:17,222.8
158,24/10/2023 11:33:18,223.0
159,24/10/2023 11:33:19,223.1
160,24/10/2023 11:33:20,223.4
161,24/10/2023 11:33:21,223.5
162,24/10/2023 11:33:22,223.6
163,24/10/2023 11:33:23,223.6
164,24/10/2023 11:33:24,223.7
165,24/10/2023 11:33:25,223.7
166,24/10/2023 11:33:26,223.8
167,24/10/2023 11:33:27,223.8
168,24/10/2023 11:33:28,223.9
169,24/10/2023 11:33:29,224.1
170,24/10/2023 11:33:30,224.7
171,24/10/2023 11:33:31,225.0
172,24/10/2023 11:33:32,225.8
173,24/10/2023 11:33:33,226.3
174,24/10/2023 11:33:34,226.9
175,24/10/2023 11:33:35,227.1
176,24/10/2023 11:33:36,227.6
177,24/10/2023 11:33:37,228.0
178,24/10/2023 11:33:38,228.3
179,24/10/2023 11:33:39,228.6
180,24/10/2023 11:33:40,228.6
181,24/10/2023 11:33:41,228.9
182,24/10/2023 11:33:42,229.0
183,24/10/2023 11:33:43,229.1
184,24/10/2023 11:33:44,229.2
185,24/10/2023 11:33:45,229.4
186,24/10/2023 11:33:46,229.4
187,24/10/2023 11:33:47,229.5
188,24/10/2023 11:33:48,229.4
189,24/10/2023 11:33:49,229.2
190,24/10/2023 11:33:50,229.2
191,24/10/2023 11:33:51,229.2
192,24/10/2023 11:33:52,229.3
193,24/10/2023 11:33:53,229.4
194,24/10/2023 11:33:54,229.5
195,24/10/2023 11:33:55,229.8
196,24/10/2023 11:33:56,230.3
197,24/10/2023 11:33:57,230.7
198,24/10/2023 11:33:58,231.3
199,24/10/2023 11:33:59,231.5
200,24/10/2023 11:34:00,232.4
201,24/10/2023 11:34:01,232.4
202,24/10/2023 11:34:02,232.9
203,24/10/2023 11:34:03,233.0
204,24/10/2023 11:34:04,233.3
205,24/10/2023 11:34:05,233.6
206,24/10/2023 11:34:06,233.8
207,24/10/2023 11:34:07,233.9
208,24/10/2023 11:34:08,234.0
209,24/10/2023 11:34:09,234.1
210,24/10/2023 11:34:10,234.1
211,24/10/2023 11:34:11,234.2
212,24/10/2023 11:34:12,234.2
213,24/10/2023 11:34:13,234.2
214,24/10/2023 11:34:14,234.1
215,24/10/2023 11:34:15,234.0
216,24/10/2023 11:34:16,234.0
217,24/10/2023 11:34:17,234.0
218,24/10/2023 11:34:18,233.7
219,24/10/2023 11:34:19,233.5
220,24/10/2023 11:34:20,233.4
221,24/10/2023 11:34:21,233.4
222,24/10/2023 11:34:22,233.5
223,24/10/2023 11:34:23,233.6
224,24/10/2023 11:34:24,234.3
225,24/10/2023 11:34:25,234.3
226,24/10/2023 11:34:26,235.1
227,24/10/2023 11:34:27,235.3
228,24/10/2023 11:34:28,235.8
229,24/10/2023 11:34:29,236.2
230,24/10/2023 11:34:30,236.5
231,24/10/2023 11:34:31,236.9
232,24/10/2023 11:34:32,237.1
233,24/10/2023 11:34:33,237.3
234,24/10/2023 11:34:34,237.3
235,24/10/2023 11:34:35,237.4
236,24/10/2023 11:34:36,237.5
237,24/10/2023 11:34:37,237.6
238,24/10/2023 11:34:38,237.7
239,24/10/2023 11:34:39,237.7
240,24/10/2023 11:34:40,237.7
241,24/10/2023 11:34:41,237.7
242,24/10/2023 11:34:42,237.7
243,24/10/2023 11:34:43,237.6
244,24/10/2023 11:34:44,237.4
245,24/10/2023 11:34:45,237.3
246,24/10/2023 11:34:46,236.9
247,24/10/2023 11:34:47,236.9
248,24/10/2023 11:34:48,236.4
249,24/10/2023 11:34:49,236.4
250,24/10/2023 11:34:50,236.3
251,24/10/2023 11:34:51,236.2
252,24/10/2023 11:34:52,236.3
253,24/10/2023 11:34:53,236.5
254,24/10/2023 11:34:54,236.7
255,24/10/2023 11:34:55,237.3
256,24/10/2023 11:34:56,237.6
257,24/10/2023 11:34:57,238.1
258,24/10/2023 11:34:58,238.4
259,24/10/2023 11:34:59,238.9
260,24/10/2023 11:35:00,239.0
261,24/10/2023 11:35:01,239.4
262,24/10/2023 11:35:02,239.6
263,24/10/2023 11:35:03,239.8
264,24/10/2023 11:35:04,239.9
265,24/10/2023 11:35:05,240.0
266,24/10/2023 11:35:06,240.1
267,24/10/2023 11:35:07,240.1
268,24/10/2023 11:35:08,240.0
269,24/10/2023 11:35:09,240.0
270,24/10/2023 11:35:10,240.0
271,24/10/2023 11:35:11,239.9
272,24/10/2023 11:35:12,239.8
273,24/10/2023 11:35:13,239.8
274,24/10/2023 11:35:14,239.6
275,24/10/2023 11:35:15,239.6
276,24/10/2023 11:35:16,239.4
277,24/10/2023 11:35:17,239.4
278,24/10/2023 11:35:18,239.2
279,24/10/2023 11:35:19,238.9
280,24/10/2023 11:35:20,238.8
281,24/10/2023 11:35:21,238.7
282,24/10/2023 11:35:22,238.7
283,24/10/2023 11:35:23,238.8
284,24/10/2023 11:35:24,238.8
285,24/10/2023 11:35:25,239.2
286,24/10/2023 11:35:26,239.4
287,24/10/2023 11:35:27,240.0
288,24/10/2023 11:35:28,240.1
289,24/10/2023 11:35:29,240.7
290,24/10/2023 11:35:30,240.9
291,24/10/2023 11:35:31,241.2
292,24/10/2023 11:35:32,241.5
293,24/10/2023 11:35:33,241.6
294,24/10/2023 11:35:34,241.7
295,24/10/2023 11:35:35,241.7
296,24/10/2023 11:35:36,241.8
297,24/10/2023 11:35:37,241.8
298,24/10/2023 11:35:38,241.7
299,24/10/2023 11:35:39,241.7
300,24/10/2023 11:35:40,241.7
301,24/10/2023 11:35:41,241.6
302,24/10/2023 11:35:42,241.6
303,24/10/2023 11:35:43,241.5
304,24/10/2023 11:35:44,241.4
305,24/10/2023 11:35:45,241.3
306,24/10/2023 11:35:46,241.0
307,24/10/2023 11:35:47,240.8
308,24/10/2023 11:35:48,240.7
309,24/10/2023 11:35:49,240.3
310,24/10/2023 11:35:50,240.2
311,24/10/2023 11:35:51,239.8
312,24/10/2023 11:35:52,239.8
313,24/10/2023 11:35:53,239.6
314,24/10/2023 11:35:54,239.5
315,24/10/2023 11:35:55,239.5
316,24/10/2023 11:35:56,239.6
317,24/10/2023 11:35:57,239.9
318,24/10/2023 11:35:58,240.1
319,24/10/2023 11:35:59,240.5
320,24/10/2023 11:36:00,240.8
321,24/10/2023 11:36:01,241.2
322,24/10/2023 11:36:02,241.6
323,24/10/2023 11:36:03,241.8
324,24/10/2023 11:36:04,242.3
325,24/10/2023 11:36:05,242.3
326,24/10/2023 11:36:06,242.5
327,24/10/2023 11:36:07,242.5
328,24/10/2023 11:36:08,242.6
329,24/10/2023 11:36:09,242.7
330,24/10/2023 11:36:10,242.8
331,24/10/2023 11:36:11,242.7
332,24/10/2023 11:36:12,242.7
333,24/10/2023 11:36:13,242.6
334,24/10/2023 11:36:14,242.6
335,24/10/2023 11:36:15,242.5
336,24/10/2023 11:36:16,242.3
337,24/10/2023 11:36:17,242.0
338,24/10/2023 11:36:18,241.9
339,24/10/2023 11:36:19,241.8
340,24/10/2023 11:36:20,241.7
341,24/10/2023 11:36:21,241.2
342,24/10/2023 11:36:22,241.2
343,24/10/2023 11:36:23,240.8
344,24/10/2023 11:36:24,240.7
345,24/10/2023 11:36:25,240.4
346,24/10/2023 11:36:26,240.3
347,24/10/2023 11:36:27,240.3
348,24/10/2023 11:36:28,240.4
349,24/10/2023 11:36:29,240.7
350,24/10/2023 11:36:30,241.0
351,24/10/2023 11:36:31,241.1
352,24/10/2023 11:36:32,241.6
353,24/10/2023 11:36:33,241.8
354,24/10/2023 11:36:34,242.2
355,24/10/2023 11:36:35,242.2
356,24/10/2023 11:36:36,242.3
357,24/10/2023 11:36:37,242.4
358,24/10/2023 11:36:38,242.4
359,24/10/2023 11:36:39,242.4
360,24/10/2023 11:36:40,242.4
361,24/10/2023 11:36:41,242.4
362,24/10/2023 11:36:42,242.4
363,24/10/2023 11:36:43,242.3
364,24/10/2023 11:36:44,242.3
365,24/10/2023 11:36:45,242.2
366,24/10/2023 11:36:46,242.1
367,24/10/2023 11:36:47,241.9
368,24/10/2023 11:36:48,241.7
369,24/10/2023 11:36:49,241.4
370,24/10/2023 11:36:50,241.3
371,24/10/2023 11:36:51,241.0
372,24/10/2023 11:36:52,241.0
373,24/10/2023 11:36:53,240.8
374,24/10/2023 11:36:54,240.7
375,24/10/2023 11:36:55,240.7
376,24/10/2023 11:36:56,240.7
377,24/10/2023 11:36:57,240.9
378,24/10/2023 11:36:58,241.0
379,24/10/2023 11:36:59,241.2
380,24/10/2023 11:37:00,241.5
381,24/10/2023 11:37:01,241.6
382,24/10/2023 11:37:02,241.7
383,24/10/2023 11:37:03,241.7
384,24/10/2023 11:37:04,242.0
385,24/10/2023 11:37:05,242.0
386,24/10/2023 11:37:06,242.1
387,24/10/2023 11:37:07,242.1
388,24/10/2023 11:37:08,242.1
389,24/10/2023 11:37:09,241.9
390,24/10/2023 11:37:10,241.9
391,24/10/2023 11:37:11,241.8
392,24/10/2023 11:37:12,241.7
393,24/10/2023 11:37:13,241.4
394,24/10/2023 11:37:14,241.3
395,24/10/2023 11:37:15,241.2
396,24/10/2023 11:37:16,241.1
397,24/10/2023 11:37:17,240.6
398,24/10/2023 11:37:18,240.5
399,24/10/2023 11:37:19,240.4
400,24/10/2023 11:37:20,240.3
401,24/10/2023 11:37:21,240.2
402,24/10/2023 11:37:22,240.2
403,24/10/2023 11:37:23,240.5
404,24/10/2023 11:37:24,240.7
405,24/10/2023 11:37:25,241.1
406,24/10/2023 11:37:26,241.2
407,24/10/2023 11:37:27,241.5
408,24/10/2023 11:37:28,241.8
409,24/10/2023 11:37:29,242.0
410,24/10/2023 11:37:30,242.0
411,24/10/2023 11:37:31,242.1
412,24/10/2023 11:37:32,242.2
413,24/10/2023 11:37:33,242.2
414,24/10/2023 11:37:34,242.2
415,24/10/2023 11:37:35,242.1
416,24/10/2023 11:37:36,242.1
417,24/10/2023 11:37:37,242.1
418,24/10/2023 11:37:38,242.0
419,24/10/2023 11:37:39,241.9
420,24/10/2023 11:37:40,241.8
421,24/10/2023 11:37:41,241.7
422,24/10/2023 11:37:42,241.6
423,24/10/2023 11:37:43,241.4
424,24/10/2023 11:37:44,241.1
425,24/10/2023 11:37:45,241.0
426,24/10/2023 11:37:46,240.8
427,24/10/2023 11:37:47,240.8
428,24/10/2023 11:37:48,240.7
429,24/10/2023 11:37:49,240.7
430,24/10/2023 11:37:50,240.9
431,24/10/2023 11:37:51,241.0
432,24/10/2023 11:37:52,241.4
433,24/10/2023 11:37:53,241.6
434,24/10/2023 11:37:54,241.8
435,24/10/2023 11:37:55,242.1
436,24/10/2023 11:37:56,242.2
437,24/10/2023 11:37:57,242.3
438,24/10/2023 11:37:58,242.3
439,24/10/2023 11:37:59,242.4
440,24/10/2023 11:38:00,242.4
441,24/10/2023 11:38:01,242.5
442,24/10/2023 11:38:02,242.5
443,24/10/2023 11:38:03,242.4
444,24/10/2023 11:38:04,242.4
445,24/10/2023 11:38:05,242.3
446,24/10/2023 11:38:06,242.1
447,24/10/2023 11:38:07,242.0
448,24/10/2023 11:38:08,241.8
449,24/10/2023 11:38:09,241.7
450,24/10/2023 11:38:10,241.4
451,24/10/2023 11:38:11,241.3
452,24/10/2023 11:38:12,241.1
453,24/10/2023 11:38:13,241.1
454,24/10/2023 11:38:14,241.0
455,24/10/2023 11:38:15,241.0
456,24/10/2023 11:38:16,241.1
457,24/10/2023 11:38:17,241.5
458,24/10/2023 11:38:18,241.6
459,24/10/2023 11:38:19,242.1
460,24/10/2023 11:38:20,242.1
461,24/10/2023 11:38:21,242.6
462,24/10/2023 11:38:22,242.6
463,24/10/2023 11:38:23,242.8
464,24/10/2023 11:38:24,243.0
465,24/10/2023 11:38:25,243.0
466,24/10/2023 11:38:26,243.0
467,24/10/2023 11:38:27,243.0
468,24/10/2023 11:38:28,243.0
469,24/10/2023 11:38:29,243.0
470,24/10/2023 11:38:30,242.9
471,24/10/2023 11:38:31,242.9
472,24/10/2023 11:38:32,242.8
473,24/10/2023 11:38:33,242.8
474,24/10/2023 11:38:34,242.6
475,24/10/2023 11:38:35,242.5
476,24/10/2023 11:38:36,242.2
477,24/10/2023 11:38:37,242.1
478,24/10/2023 11:38:38,241.9
479,24/10/2023 11:38:39,241.7
480,24/10/2023 11:38:40,241.4
481,24/10/2023 11:38:41,241.1
482,24/10/2023 11:38:42,241.1
483,24/10/2023 11:38:43,241.0
484,24/10/2023 11:38:44,241.0
485,24/10/2023 11:38:45,241.1
486,24/10/2023 11:38:46,241.1
487,24/10/2023 11:38:47,241.4
488,24/10/2023 11:38:48,241.7
489,24/10/2023 11:38:49,241.9
490,24/10/2023 11:38:50,242.3
491,24/10/2023 11:38:51,242.5
492,24/10/2023 11:38:52,242.7
493,24/10/2023 11:38:53,242.8
494,24/10/2023 11:38:54,242.8
495,24/10/2023 11:38:55,242.8
496,24/10/2023 11:38:56,242.8
497,24/10/2023 11:38:57,242.7
498,24/10/2023 11:38:58,242.7
499,24/10/2023 11:38:59,242.7
500,24/10/2023 11:39:00,242.7
501,24/10/2023 11:39:01,242.6
502,24/10/2023 11:39:02,242.6
503,24/10/2023 11:39:03,242.4
504,24/10/2023 11:39:04,242.3
505,24/10/2023 11:39:05,242.0
506,24/10/2023 11:39:06,241.8
507,24/10/2023 11:39:07,241.4
508,24/10/2023 11:39:08,241.3
509,24/10/2023 11:39:09,241.1
510,24/10/2023 11:39:10,241.0
511,24/10/2023 11:39:11,240.7
512,24/10/2023 11:39:12,240.7
513,24/10/2023 11:39:13,240.7
514,24/10/2023 11:39:14,240.8
515,24/10/2023 11:39:15,241.2
516,24/10/2023 11:39:16,241.3
517,24/10/2023 11:39:17,241.6
518,24/10/2023 11:39:18,241.8
519,24/10/2023 11:39:19,242.1
520,24/10/2023 11:39:20,242.3
521,24/10/2023 11:39:21,242.4
522,24/10/2023 11:39:22,242.7
523,24/10/2023 11:39:23,242.8
524,24/10/2023 11:39:24,242.9
525,24/10/2023 11:39:25,242.9
526,24/10/2023 11:39:26,242.9
527,24/10/2023 11:39:27,242.9
528,24/10/2023 11:39:28,242.8
529,24/10/2023 11:39:29,242.8
530,24/10/2023 11:39:30,242.6
531,24/10/2023 11:39:31,242.6
532,24/10/2023 11:39:32,242.5
533,24/10/2023 11:39:33,242.4
534,24/10/2023 11:39:34,242.1
535,24/10/2023 11:39:35,242.0
536,24/10/2023 11:39:36,241.8
537,24/10/2023 11:39:37,241.5
538,24/10/2023 11:39:38,241.2
539,24/10/2023 11:39:39,241.0
540,24/10/2023 11:39:40,241.0
541,24/10/2023 11:39:41,241.0
542,24/10/2023 11:39:42,241.1
543,24/10/2023 11:39:43,241.3
544,24/10/2023 11:39:44,241.4
545,24/10/2023 11:39:45,241.8
546,24/10/2023 11:39:46,242.0
547,24/10/2023 11:39:47,242.4
548,24/10/2023 11:39:48,242.6
549,24/10/2023 11:39:49,242.8
550,24/10/2023 11:39:50,243.2
551,24/10/2023 11:39:51,243.3
552,24/10/2023 11:39:52,243.4
553,24/10/2023 11:39:53,243.4
554,24/10/2023 11:39:54,243.4
555,24/10/2023 11:39:55,243.4
556,24/10/2023 11:39:56,243.4
557,24/10/2023 11:39:57,243.3
558,24/10/2023 11:39:58,243.1
559,24/10/2023 11:39:59,243.0
560,24/10/2023 11:40:00,242.9
561,24/10/2023 11:40:01,242.9
562,24/10/2023 11:40:02,242.6
563,24/10/2023 11:40:03,242.4
564,24/10/2023 11:40:04,242.1
565,24/10/2023 11:40:05,242.0
566,24/10/2023 11:40:06,241.6
567,24/10/2023 11:40:07,241.5
568,24/10/2023 11:40:08,241.2
569,24/10/2023 11:40:09,241.1
570,24/10/2023 11:40:10,240.8
571,24/10/2023 11:40:11,240.8
572,24/10/2023 11:40:12,240.9
573,24/10/2023 11:40:13,241.3
574,24/10/2023 11:40:14,241.5
575,24/10/2023 11:40:15,241.7
576,24/10/2023 11:40:16,241.8
577,24/10/2023 11:40:17,242.2
578,24/10/2023 11:40:18,242.3
579,24/10/2023 11:40:19,242.4
580,24/10/2023 11:40:20,242.6
581,24/10/2023 11:40:21,242.6
582,24/10/2023 11:40:22,242.6
583,24/10/2023 11:40:23,242.6
584,24/10/2023 11:40:24,242.5
585,24/10/2023 11:40:25,242.4
586,24/10/2023 11:40:26,242.3
587,24/10/2023 11:40:27,242.2
588,24/10/2023 11:40:28,241.7
589,24/10/2023 11:40:29,241.7
590,24/10/2023 11:40:30,241.5
591,24/10/2023 11:40:31,241.5
592,24/10/2023 11:40:32,241.2
593,24/10/2023 11:40:33,241.1
594,24/10/2023 11:40:34,240.9
595,24/10/2023 11:40:35,240.8
596,24/10/2023 11:40:36,240.8
597,24/10/2023 11:40:37,240.9
598,24/10/2023 11:40:38,241.0
599,24/10/2023 11:40:39,241.3
600,24/10/2023 11:40:40,241.4
601,24/10/2023 11:40:41,241.6
602,24/10/2023 11:40:42,241.6
603,24/10/2023 11:40:43,241.7
604,24/10/2023 11:40:44,241.7
605,24/10/2023 11:40:45,241.9
606,24/10/2023 11:40:46,242.0
607,24/10/2023 11:40:47,242.1
608,24/10/2023 11:40:48,242.2
609,24/10/2023 11:40:49,242.3
610,24/10/2023 11:40:50,242.2
611,24/10/2023 11:40:51,242.2
612,24/10/2023 11:40:52,242.1
613,24/10/2023 11:40:53,242.1
614,24/10/2023 11:40:54,241.8
615,24/10/2023 11:40:55,241.7
616,24/10/2023 11:40:56,241.3
617,24/10/2023 11:40:57,241.3
618,24/10/2023 11:40:58,241.2
619,24/10/2023 11:40:59,241.0
620,24/10/2023 11:41:00,240.9
621,24/10/2023 11:41:01,240.8
622,24/10/2023 11:41:02,240.8
623,24/10/2023 11:41:03,240.7
624,24/10/2023 11:41:04,240.8
625,24/10/2023 11:41:05,240.9
626,24/10/2023 11:41:06,241.0
627,24/10/2023 11:41:07,241.1
628,24/10/2023 11:41:08,241.2
629,24/10/2023 11:41:09,241.5
630,24/10/2023 11:41:10,241.6
631,24/10/2023 11:41:11,241.8
632,24/10/2023 11:41:12,241.8
633,24/10/2023 11:41:13,241.7
634,24/10/2023 11:41:14,241.7
635,24/10/2023 11:41:15,241.6
636,24/10/2023 11:41:16,241.7
637,24/10/2023 11:41:17,241.7
638,24/10/2023 11:41:18,241.7
639,24/10/2023 11:41:19,241.7
640,24/10/2023 11:41:20,241.7
641,24/10/2023 11:41:21,241.6
642,24/10/2023 11:41:22,241.4
643,24/10/2023 11:41:23,241.3
644,24/10/2023 11:41:24,241.0
645,24/10/2023 11:41:25,240.9
646,24/10/2023 11:41:26,240.4
647,24/10/2023 11:41:27,240.4
648,24/10/2023 11:41:28,240.3
649,24/10/2023 11:41:29,240.3
650,24/10/2023 11:41:30,240.4
651,24/10/2023 11:41:31,240.4
652,24/10/2023 11:41:32,240.7
653,24/10/2023 11:41:33,241.0
654,24/10/2023 11:41:34,241.2
655,24/10/2023 11:41:35,241.5
656,24/10/2023 11:41:36,241.7
657,24/10/2023 11:41:37,242.2
658,24/10/2023 11:41:38,242.2
659,24/10/2023 11:41:39,242.3
660,24/10/2023 11:41:40,242.3
661,24/10/2023 11:41:41,242.4
662,24/10/2023 11:41:42,242.4
663,24/10/2023 11:41:43,242.5
664,24/10/2023 11:41:44,242.4
665,24/10/2023 11:41:45,242.4
666,24/10/2023 11:41:46,242.4
667,24/10/2023 11:41:47,242.3
668,24/10/2023 11:41:48,242.1
669,24/10/2023 11:41:49,241.8
670,24/10/2023 11:41:50,241.7
671,24/10/2023 11:41:51,241.6
672,24/10/2023 11:41:52,241.3
673,24/10/2023 11:41:53,241.1
674,24/10/2023 11:41:54,240.8
675,24/10/2023 11:41:55,240.8
676,24/10/2023 11:41:56,240.6
677,24/10/2023 11:41:57,240.5
678,24/10/2023 11:41:58,240.4
679,24/10/2023 11:41:59,240.4
680,24/10/2023 11:42:00,240.5
681,24/10/2023 11:42:01,240.6
682,24/10/2023 11:42:02,240.8
683,24/10/2023 11:42:03,241.1
684,24/10/2023 11:42:04,241.3
685,24/10/2023 11:42:05,241.5
686,24/10/2023 11:42:06,241.5
687,24/10/2023 11:42:07,241.7
688,24/10/2023 11:42:08,241.8
689,24/10/2023 11:42:09,241.8
690,24/10/2023 11:42:10,241.8
691,24/10/2023 11:42:11,241.8
692,24/10/2023 11:42:12,241.8
693,24/10/2023 11:42:13,241.8
694,24/10/2023 11:42:14,241.7
695,24/10/2023 11:42:15,241.7
696,24/10/2023 11:42:16,241.6
697,24/10/2023 11:42:17,241.5
698,24/10/2023 11:42:18,241.1
699,24/10/2023 11:42:19,241.0
700,24/10/2023 11:42:20,240.8
701,24/10/2023 11:42:21,240.7
702,24/10/2023 11:42:22,240.3
703,24/10/2023 11:42:23,240.2
704,24/10/2023 11:42:24,239.9
705,24/10/2023 11:42:25,239.9
706,24/10/2023 11:42:26,239.9
707,24/10/2023 11:42:27,240.0
708,24/10/2023 11:42:28,240.1
709,24/10/2023 11:42:29,240.2
710,24/10/2023 11:42:30,240.3
711,24/10/2023 11:42:31,240.6
712,24/10/2023 11:42:32,240.6
713,24/10/2023 11:42:33,240.9
714,24/10/2023 11:42:34,241.3
715,24/10/2023 11:42:35,241.5
716,24/10/2023 11:42:36,241.8
717,24/10/2023 11:42:37,241.8
718,24/10/2023 11:42:38,242.0
719,24/10/2023 11:42:39,241.9
720,24/10/2023 11:42:40,241.9
721,24/10/2023 11:42:41,241.9
722,24/10/2023 11:42:42,241.8
723,24/10/2023 11:42:43,241.7
724,24/10/2023 11:42:44,241.6
725,24/10/2023 11:42:45,241.5
726,24/10/2023 11:42:46,241.4
727,24/10/2023 11:42:47,241.3
728,24/10/2023 11:42:48,241.2
729,24/10/2023 11:42:49,241.1
730,24/10/2023 11:42:50,240.9
731,24/10/2023 11:42:51,240.6
732,24/10/2023 11:42:52,240.5
733,24/10/2023 11:42:53,240.4
734,24/10/2023 11:42:54,240.3
735,24/10/2023 11:42:55,240.3
736,24/10/2023 11:42:56,240.4
737,24/10/2023 11:42:57,240.6
738,24/10/2023 11:42:58,240.6
739,24/10/2023 11:42:59,240.8
740,24/10/2023 11:43:00,240.9
741,24/10/2023 11:43:01,241.1
742,24/10/2023 11:43:02,241.2
743,24/10/2023 11:43:03,241.5
744,24/10/2023 11:43:04,241.5
745,24/10/2023 11:43:05,241.5
746,24/10/2023 11:43:06,241.5
747,24/10/2023 11:43:07,241.4
748,24/10/2023 11:43:08,241.4
749,24/10/2023 11:43:09,241.3
750,24/10/2023 11:43:10,241.3
751,24/10/2023 11:43:11,241.2
752,24/10/2023 11:43:12,241.1
753,24/10/2023 11:43:13,241.0
754,24/10/2023 11:43:14,240.8
755,24/10/2023 11:43:15,240.8
756,24/10/2023 11:43:16,240.4
757,24/10/2023 11:43:17,240.3
758,24/10/2023 11:43:18,240.0
759,24/10/2023 11:43:19,239.9
760,24/10/2023 11:43:20,239.8
761,24/10/2023 11:43:21,239.7
762,24/10/2023 11:43:22,239.7
763,24/10/2023 11:43:23,239.9
764,24/10/2023 11:43:24,240.1
765,24/10/2023 11:43:25,240.5
766,24/10/2023 11:43:26,240.5
767,24/10/2023 11:43:27,240.9
768,24/10/2023 11:43:28,241.1
769,24/10/2023 11:43:29,241.3
770,24/10/2023 11:43:30,241.4
771,24/10/2023 11:43:31,241.6
772,24/10/2023 11:43:32,241.8
773,24/10/2023 11:43:33,241.8
774,24/10/2023 11:43:34,241.8
775,24/10/2023 11:43:35,241.8
776,24/10/2023 11:43:36,241.8
777,24/10/2023 11:43:37,241.8
778,24/10/2023 11:43:38,241.8
779,24/10/2023 11:43:39,241.7
780,24/10/2023 11:43:40,241.6
781,24/10/2023 11:43:41,241.5
782,24/10/2023 11:43:42,241.3
783,24/10/2023 11:43:43,241.2
784,24/10/2023 11:43:44,240.9
785,24/10/2023 11:43:45,240.9
786,24/10/2023 11:43:46,240.5
787,24/10/2023 11:43:47,240.4
788,24/10/2023 11:43:48,240.1
789,24/10/2023 11:43:49,240.0
790,24/10/2023 11:43:50,239.9
791,24/10/2023 11:43:51,239.9
792,24/10/2023 11:43:52,239.9
793,24/10/2023 11:43:53,240.0
794,24/10/2023 11:43:54,240.1
795,24/10/2023 11:43:55,240.4
796,24/10/2023 11:43:56,240.6
797,24/10/2023 11:43:57,241.2
798,24/10/2023 11:43:58,241.2
799,24/10/2023 11:43:59,241.4
800,24/10/2023 11:44:00,241.4
801,24/10/2023 11:44:01,241.4
802,24/10/2023 11:44:02,241.4
803,24/10/2023 11:44:03,241.4
804,24/10/2023 11:44:04,241.4
805,24/10/2023 11:44:05,241.4
806,24/10/2023 11:44:06,241.4
807,24/10/2023 11:44:07,241.3
808,24/10/2023 11:44:08,241.2
809,24/10/2023 11:44:09,241.1
810,24/10/2023 11:44:10,241.0
811,24/10/2023 11:44:11,240.8
812,24/10/2023 11:44:12,240.6
813,24/10/2023 11:44:13,240.4
814,24/10/2023 11:44:14,240.1
815,24/10/2023 11:44:15,240.1
816,24/10/2023 11:44:16,239.8
817,24/10/2023 11:44:17,239.8
818,24/10/2023 11:44:18,239.9
819,24/10/2023 11:44:19,240.0
820,24/10/2023 11:44:20,240.1
821,24/10/2023 11:44:21,240.3
822,24/10/2023 11:44:22,240.6
823,24/10/2023 11:44:23,241.1
824,24/10/2023 11:44:24,241.2
825,24/10/2023 11:44:25,241.4
826,24/10/2023 11:44:26,241.5
827,24/10/2023 11:44:27,241.7
828,24/10/2023 11:44:28,241.8
829,24/10/2023 11:44:29,242.1
830,24/10/2023 11:44:30,242.1
831,24/10/2023 11:44:31,242.2
832,24/10/2023 11:44:32,242.1
833,24/10/2023 11:44:33,242.0
834,24/10/2023 11:44:34,241.9
835,24/10/2023 11:44:35,241.7
836,24/10/2023 11:44:36,241.5
837,24/10/2023 11:44:37,241.4
838,24/10/2023 11:44:38,241.1
839,24/10/2023 11:44:39,241.1
840,24/10/2023 11:44:40,240.9
841,24/10/2023 11:44:41,240.8
842,24/10/2023 11:44:42,240.7
843,24/10/2023 11:44:43,240.6
844,24/10/2023 11:44:44,240.5
845,24/10/2023 11:44:45,240.6
846,24/10/2023 11:44:46,240.8
847,24/10/2023 11:44:47,241.1
848,24/10/2023 11:44:48,241.2
849,24/10/2023 11:44:49,241.5
850,24/10/2023 11:44:50,241.6
851,24/10/2023 11:44:51,241.8
852,24/10/2023 11:44:52,241.8
853,24/10/2023 11:44:53,242.0
854,24/10/2023 11:44:54,242.0
855,24/10/2023 11:44:55,242.0
856,24/10/2023 11:44:56,242.0
857,24/10/2023 11:44:57,241.9
858,24/10/2023 11:44:58,241.8
859,24/10/2023 11:44:59,241.8
860,24/10/2023 11:45:00,241.8
861,24/10/2023 11:45:01,241.8
862,24/10/2023 11:45:02,241.6
863,24/10/2023 11:45:03,241.3
864,24/10/2023 11:45:04,241.2
865,24/10/2023 11:45:05,241.1
866,24/10/2023 11:45:06,240.8
867,24/10/2023 11:45:07,240.7
868,24/10/2023 11:45:08,240.4
869,24/10/2023 11:45:09,240.4
870,24/10/2023 11:45:10,239.9
871,24/10/2023 11:45:11,239.8
872,24/10/2023 11:45:12,239.5
873,24/10/2023 11:45:13,239.4
874,24/10/2023 11:45:14,238.9
875,24/10/2023 11:45:15,238.6
876,24/10/2023 11:45:16,238.4
877,24/10/2023 11:45:17,238.0
878,24/10/2023 11:45:18,237.9
879,24/10/2023 11:45:19,237.3
880,24/10/2023 11:45:20,237.3
881,24/10/2023 11:45:21,236.7
882,24/10/2023 11:45:22,236.5
883,24/10/2023 11:45:23,236.1
884,24/10/2023 11:45:24,235.9
885,24/10/2023 11:45:25,235.4
886,24/10/2023 11:45:26,235.1
887,24/10/2023 11:45:27,234.9
888,24/10/2023 11:45:28,234.4
889,24/10/2023 11:45:29,234.2
890,24/10/2023 11:45:30,233.6
891,24/10/2023 11:45:31,233.6
892,24/10/2023 11:45:32,233.1
893,24/10/2023 11:45:33,232.9
894,24/10/2023 11:45:34,232.6
895,24/10/2023 11:45:35,232.4
896,24/10/2023 11:45:36,231.9
897,24/10/2023 11:45:37,231.6
898,24/10/2023 11:45:38,231.3
899,24/10/2023 11:45:39,230.8
900,24/10/2023 11:45:40,230.6
901,24/10/2023 11:45:41,230.1
902,24/10/2023 11:45:42,230.1
903,24/10/2023 11:45:43,229.5
904,24/10/2023 11:45:44,229.3
905,24/10/2023 11:45:45,228.9
906,24/10/2023 11:45:46,228.8
907,24/10/2023 11:45:47,228.3
908,24/10/2023 11:45:48,227.9
909,24/10/2023 11:45:49,227.6
910,24/10/2023 11:45:50,227.0
911,24/10/2023 11:45:51,226.9
912,24/10/2023 11:45:52,226.2
913,24/10/2023 11:45:53,226.2
914,24/10/2023 11:45:54,225.6
915,24/10/2023 11:45:55,225.4
916,24/10/2023 11:45:56,225.0
917,24/10/2023 11:45:57,224.8
918,24/10/2023 11:45:58,224.3
919,24/10/2023 11:45:59,223.9
920,24/10/2023 11:46:00,223.7
921,24/10/2023 11:46:01,223.2
922,24/10/2023 11:46:02,223.0
923,24/10/2023 11:46:03,222.5
924,24/10/2023 11:46:04,222.5
925,24/10/2023 11:46:05,222.0
926,24/10/2023 11:46:06,221.7
927,24/10/2023 11:46:07,221.3
928,24/10/2023 11:46:08,221.1
929,24/10/2023 11:46:09,220.5
930,24/10/2023 11:46:10,220.1
931,24/10/2023 11:46:11,220.1
932,24/10/2023 11:46:12,219.9
933,24/10/2023 11:46:13,219.4
934,24/10/2023 11:46:14,219.0
935,24/10/2023 11:46:15,218.3
936,24/10/2023 11:46:16,218.1
937,24/10/2023 11:46:17,217.5
938,24/10/2023 11:46:18,217.5
939,24/10/2023 11:46:19,216.8
940,24/10/2023 11:46:20,216.6
941,24/10/2023 11:46:21,216.2
942,24/10/2023 11:46:22,215.8
943,24/10/2023 11:46:23,215.6
944,24/10/2023 11:46:24,215.0
945,24/10/2023 11:46:25,214.8
946,24/10/2023 11:46:26,214.2
947,24/10/2023 11:46:27,214.2
948,24/10/2023 11:46:28,213.6
949,24/10/2023 11:46:29,213.4
950,24/10/2023 11:46:30,213.0
951,24/10/2023 11:46:31,212.6
952,24/10/2023 11:46:32,212.4
953,24/10/2023 11:46:33,211.8
954,24/10/2023 11:46:34,211.6
955,24/10/2023 11:46:35,211.0
956,24/10/2023 11:46:36,211.0
957,24/10/2023 11:46:37,210.5
958,24/10/2023 11:46:38,210.3
959,24/10/2023 11:46:39,209.9
960,24/10/2023 11:46:40,209.5
961,24/10/2023 11:46:41,209.3
962,24/10/2023 11:46:42,208.8
963,24/10/2023 11:46:43,208.7
964,24/10/2023 11:46:44,208.0
965,24/10/2023 11:46:45,208.0
966,24/10/2023 11:46:46,207.4
967,24/10/2023 11:46:47,207.2
968,24/10/2023 11:46:48,206.8
969,24/10/2023 11:46:49,206.4
970,24/10/2023 11:46:50,206.1
971,24/10/2023 11:46:51,205.7
972,24/10/2023 11:46:52,205.5
973,24/10/2023 11:46:53,204.9
974,24/10/2023 11:46:54,204.9
975,24/10/2023 11:46:55,204.4
976,24/10/2023 11:46:56,204.2
977,24/10/2023 11:46:57,203.8
978,24/10/2023 11:46:58,203.5
979,24/10/2023 11:46:59,203.2
980,24/10/2023 11:47:00,202.7
981,24/10/2023 11:47:01,202.6
982,24/10/2023 11:47:02,202.0
983,24/10/2023 11:47:03,202.0
984,24/10/2023 11:47:04,201.4
985,24/10/2023 11:47:05,201.3
986,24/10/2023 11:47:06,200.8
987,24/10/2023 11:47:07,200.4
988,24/10/2023 11:47:08,200.2
989,24/10/2023 11:47:09,199.7
990,24/10/2023 11:47:10,199.6
991,24/10/2023 11:47:11,199.1
992,24/10/2023 11:47:12,199.1
993,24/10/2023 11:47:13,198.5
994,24/10/2023 11:47:14,198.3
995,24/10/2023 11:47:15,197.8
996,24/10/2023 11:47:16,197.5
997,24/10/2023 11:47:17,197.2
998,24/10/2023 11:47:18,196.8
999,24/10/2023 11:47:19,196.6
1000,24/10/2023 11:47:20,196.0
1001,24/10/2023 11:47:21,196.0
1002,24/10/2023 11:47:22,195.5
1003,24/10/2023 11:47:23,195.4
1004,24/10/2023 11:47:24,195.0
1005,24/10/2023 11:47:25,194.6
1006,24/10/2023 11:47:26,194.4
1007,24/10/2023 11:47:27,193.9
1008,24/10/2023 11:47:28,193.8
1009,24/10/2023 11:47:29,193.2
1010,24/10/2023 11:47:30,193.2
1011,24/10/2023 11:47:31,192.7
1012,24/10/2023 11:47:32,192.5
1013,24/10/2023 11:47:33,192.1
1014,24/10/2023 11:47:34,191.8
1015,24/10/2023 11:47:35,191.5
1016,24/10/2023 11:47:36,191.1
1017,24/10/2023 11:47:37,191.0
1018,24/10/2023 11:47:38,190.4
1019,24/10/2023 11:47:39,190.4
1020,24/10/2023 11:47:40,189.9
1021,24/10/2023 11:47:41,189.8
1022,24/10/2023 11:47:42,189.4
1023,24/10/2023 11:47:43,189.1
1024,24/10/2023 11:47:44,188.8
1025,24/10/2023 11:47:45,188.5
1026,24/10/2023 11:47:46,188.3
1027,24/10/2023 11:47:47,187.8
1028,24/10/2023 11:47:48,187.8
1029,24/10/2023 11:47:49,187.2
1030,24/10/2023 11:47:50,187.1
1031,24/10/2023 11:47:51,186.7
1032,24/10/2023 11:47:52,186.4
1033,24/10/2023 11:47:53,186.2
1034,24/10/2023 11:47:54,185.7
1035,24/10/2023 11:47:55,185.5
1036,24/10/2023 11:47:56,185.0
1037,24/10/2023 11:47:57,185.0
1038,24/10/2023 11:47:58,184.3
1039,24/10/2023 11:47:59,184.2
1040,24/10/2023 11:48:00,183.8
1041,24/10/2023 11:48:01,183.5
1042,24/10/2023 11:48:02,183.3
1043,24/10/2023 11:48:03,182.8
1044,24/10/2023 11:48:04,182.8
1045,24/10/2023 11:48:05,182.4
1046,24/10/2023 11:48:06,182.2
1047,24/10/2023 11:48:07,181.6
1048,24/10/2023 11:48:08,181.5
1049,24/10/2023 11:48:09,181.2
1050,24/10/2023 11:48:10,180.9
1051,24/10/2023 11:48:11,180.7
1052,24/10/2023 11:48:12,180.2
1053,24/10/2023 11:48:13,180.0
1054,24/10/2023 11:48:14,179.6
1055,24/10/2023 11:48:15,179.6
1056,24/10/2023 11:48:16,179.0
1057,24/10/2023 11:48:17,178.9
1058,24/10/2023 11:48:18,178.5
1059,24/10/2023 11:48:19,178.3
1060,24/10/2023 11:48:20,178.0
1061,24/10/2023 11:48:21,177.6
1062,24/10/2023 11:48:22,177.4
1063,24/10/2023 11:48:23,177.0
1064,24/10/2023 11:48:24,176.9
1065,24/10/2023 11:48:25,176.5
1066,24/10/2023 11:48:26,176.5
1067,24/10/2023 11:48:27,175.9
1068,24/10/2023 11:48:28,175.8
1069,24/10/2023 11:48:29,175.4
1070,24/10/2023 11:48:30,175.1
1071,24/10/2023 11:48:31,175.0
1072,24/10/2023 11:48:32,174.5
1073,24/10/2023 11:48:33,174.4
1074,24/10/2023 11:48:34,174.0
1075,24/10/2023 11:48:35,174.0
1076,24/10/2023 11:48:36,173.5
1077,24/10/2023 11:48:37,173.3
1078,24/10/2023 11:48:38,173.0
1079,24/10/2023 11:48:39,172.7
1080,24/10/2023 11:48:40,172.5
1081,24/10/2023 11:48:41,172.1
1082,24/10/2023 11:48:42,171.9
1083,24/10/2023 11:48:43,171.6
1084,24/10/2023 11:48:44,171.6
1085,24/10/2023 11:48:45,171.2
1086,24/10/2023 11:48:46,171.0
1087,24/10/2023 11:48:47,170.7
1088,24/10/2023 11:48:48,170.5
1089,24/10/2023 11:48:49,170.3
1090,24/10/2023 11:48:50,169.9
1091,24/10/2023 11:48:51,169.7
1092,24/10/2023 11:48:52,169.3
1093,24/10/2023 11:48:53,169.3
1094,24/10/2023 11:48:54,168.9
1095,24/10/2023 11:48:55,168.7
1096,24/10/2023 11:48:56,168.4
1097,24/10/2023 11:48:57,168.2
1098,24/10/2023 11:48:58,168.1
1099,24/10/2023 11:48:59,167.7
1100,24/10/2023 11:49:00,167.6
1101,24/10/2023 11:49:01,167.1
1102,24/10/2023 11:49:02,167.1
1103,24/10/2023 11:49:03,166.7
1104,24/10/2023 11:49:04,166.5
1105,24/10/2023 11:49:05,166.2
1106,24/10/2023 11:49:06,165.9
1107,24/10/2023 11:49:07,165.7
1108,24/10/2023 11:49:08,165.3
1109,24/10/2023 11:49:09,165.2
1110,24/10/2023 11:49:10,164.7
1111,24/10/2023 11:49:11,164.7
1112,24/10/2023 11:49:12,164.3
1113,24/10/2023 11:49:13,164.2
1114,24/10/2023 11:49:14,163.8
1115,24/10/2023 11:49:15,163.5
1116,24/10/2023 11:49:16,163.3
1117,24/10/2023 11:49:17,163.1
1118,24/10/2023 11:49:18,163.0
1119,24/10/2023 11:49:19,162.5
1120,24/10/2023 11:49:20,162.5
1121,24/10/2023 11:49:21,162.1
1122,24/10/2023 11:49:22,162.0
1123,24/10/2023 11:49:23,161.6
1124,24/10/2023 11:49:24,161.4
1125,24/10/2023 11:49:25,161.2
1126,24/10/2023 11:49:26,160.9
1127,24/10/2023 11:49:27,160.8
1128,24/10/2023 11:49:28,160.3
1129,24/10/2023 11:49:29,160.3
1130,24/10/2023 11:49:30,159.8
1131,24/10/2023 11:49:31,159.8
1132,24/10/2023 11:49:32,159.5
1133,24/10/2023 11:49:33,159.2
1134,24/10/2023 11:49:34,159.0
1135,24/10/2023 11:49:35,158.6
1136,24/10/2023 11:49:36,158.5
1137,24/10/2023 11:49:37,158.1
1138,24/10/2023 11:49:38,158.1
1139,24/10/2023 11:49:39,157.7
1140,24/10/2023 11:49:40,157.6
1141,24/10/2023 11:49:41,157.3
1142,24/10/2023 11:49:42,157.2
1143,24/10/2023 11:49:43,156.9
1144,24/10/2023 11:49:44,156.7
1145,24/10/2023 11:49:45,156.5
1146,24/10/2023 11:49:46,156.2
1147,24/10/2023 11:49:47,156.1
1148,24/10/2023 11:49:48,155.6
1149,24/10/2023 11:49:49,155.6
1150,24/10/2023 11:49:50,155.2
1151,24/10/2023 11:49:51,155.1
1152,24/10/2023 11:49:52,154.9
1153,24/10/2023 11:49:53,154.6
1154,24/10/2023 11:49:54,154.4
1155,24/10/2023 11:49:55,154.1
1156,24/10/2023 11:49:56,154.1
1157,24/10/2023 11:49:57,154.0
1158,24/10/2023 11:49:58,154.0
1159,24/10/2023 11:49:59,153.4
1160,24/10/2023 11:50:00,153.4
1161,24/10/2023 11:50:01,152.8
1162,24/10/2023 11:50:02,152.8
1163,24/10/2023 11:50:03,152.3
1164,24/10/2023 11:50:04,152.2
1165,24/10/2023 11:50:05,151.8
1166,24/10/2023 11:50:06,151.6
1167,24/10/2023 11:50:07,151.5
1168,24/10/2023 11:50:08,151.1
1169,24/10/2023 11:50:09,151.0
1170,24/10/2023 11:50:10,150.6
1171,24/10/2023 11:50:11,150.6
1172,24/10/2023 11:50:12,150.3
1173,24/10/2023 11:50:13,150.2
1174,24/10/2023 11:50:14,149.9
1175,24/10/2023 11:50:15,149.7
1176,24/10/2023 11:50:16,149.6
1177,24/10/2023 11:50:17,149.3
1178,24/10/2023 11:50:18,149.2
1179,24/10/2023 11:50:19,148.8
1180,24/10/2023 11:50:20,148.8
1181,24/10/2023 11:50:21,148.4
1182,24/10/2023 11:50:22,148.3
1183,24/10/2023 11:50:23,147.9
1184,24/10/2023 11:50:24,147.7
1185,24/10/2023 11:50:25,147.5
1186,24/10/2023 11:50:26,147.2
1187,24/10/2023 11:50:27,147.1
1188,24/10/2023 11:50:28,146.7
1189,24/10/2023 11:50:29,146.7
1190,24/10/2023 11:50:30,146.3
1191,24/10/2023 11:50:31,146.2
1192,24/10/2023 11:50:32,146.0
1193,24/10/2023 11:50:33,145.7
1194,24/10/2023 11:50:34,145.5
1195,24/10/2023 11:50:35,145.2
1196,24/10/2023 11:50:36,145.1
1197,24/10/2023 11:50:37,144.7
1198,24/10/2023 11:50:38,144.7
1199,24/10/2023 11:50:39,144.4
1200,24/10/2023 11:50:40,144.3
1201,24/10/2023 11:50:41,144.0
1202,24/10/2023 11:50:42,143.7
1203,24/10/2023 11:50:43,143.6
1204,24/10/2023 11:50:44,143.2
1205,24/10/2023 11:50:45,143.2
1206,24/10/2023 11:50:46,142.8
1207,24/10/2023 11:50:47,142.8
1208,24/10/2023 11:50:48,142.5
1209,24/10/2023 11:50:49,142.4
1210,24/10/2023 11:50:50,142.2
1211,24/10/2023 11:50:51,142.0
1212,24/10/2023 11:50:52,141.8
1213,24/10/2023 11:50:53,141.5
1214,24/10/2023 11:50:54,141.5
1215,24/10/2023 11:50:55,141.1
1216,24/10/2023 11:50:56,141.1
1217,24/10/2023 11:50:57,140.8
1218,24/10/2023 11:50:58,140.7
1219,24/10/2023 11:50:59,140.4
1220,24/10/2023 11:51:00,140.2
1221,24/10/2023 11:51:01,140.1
1222,24/10/2023 11:51:02,139.8
1223,24/10/2023 11:51:03,139.7
1224,24/10/2023 11:51:04,139.5
1225,24/10/2023 11:51:05,139.5
1226,24/10/2023 11:51:06,139.1
1227,24/10/2023 11:51:07,139.0
1228,24/10/2023 11:51:08,138.8
1229,24/10/2023 11:51:09,138.6
1230,24/10/2023 11:51:10,138.5
1231,24/10/2023 11:51:11,138.2
1232,24/10/2023 11:51:12,138.0
1233,24/10/2023 11:51:13,137.8
1234,24/10/2023 11:51:14,137.8
1235,24/10/2023 11:51:15,137.5
1236,24/10/2023 11:51:16,137.4
1237,24/10/2023 11:51:17,137.1
1238,24/10/2023 11:51:18,136.8
1239,24/10/2023 11:51:19,136.7
1240,24/10/2023 11:51:20,136.6
1241,24/10/2023 11:51:21,136.5
1242,24/10/2023 11:51:22,136.1
1243,24/10/2023 11:51:23,136.1
1244,24/10/2023 11:51:24,135.8
1245,24/10/2023 11:51:25,135.7
1246,24/10/2023 11:51:26,135.5
1247,24/10/2023 11:51:27,135.3
1248,24/10/2023 11:51:28,135.1
1249,24/10/2023 11:51:29,134.8
1250,24/10/2023 11:51:30,134.7
1251,24/10/2023 11:51:31,134.5
1252,24/10/2023 11:51:32,134.5
1253,24/10/2023 11:51:33,134.1
1254,24/10/2023 11:51:34,134.0
1255,24/10/2023 11:51:35,133.8
1256,24/10/2023 11:51:36,133.7
1257,24/10/2023 11:51:37,133.6
1258,24/10/2023 11:51:38,133.3
1259,24/10/2023 11:51:39,133.2
1260,24/10/2023 11:51:40,133.0
1261,24/10/2023 11:51:41,133.0
1262,24/10/2023 11:51:42,132.7
1263,24/10/2023 11:51:43,132.5
1264,24/10/2023 11:51:44,132.2
1265,24/10/2023 11:51:45,132.0
1266,24/10/2023 11:51:46,132.0
1267,24/10/2023 11:51:47,131.7
1268,24/10/2023 11:51:48,131.6
1269,24/10/2023 11:51:49,131.2
1270,24/10/2023 11:51:50,131.2
1271,24/10/2023 11:51:51,131.1
1272,24/10/2023 11:51:52,131.1
